gene_id,cold,cold_high_light,drought,heat,heat_drought,heat_drought_high_light,heat_high_light,high_humidity,high_light
AT3G56400,no_qualifying_endpoint_response,no_qualifying_endpoint_response,persistent_same_direction,recovered,persistent_same_direction,persistent_same_direction,persistent_same_direction,no_qualifying_endpoint_response,persistent_same_direction
AT4G02380,recovered,recovered,persistent_same_direction,recovered,persistent_same_direction,persistent_same_direction,no_qualifying_endpoint_response,recovered,persistent_same_direction
AT1G21250,persistent_same_direction,substantial_reversal,persistent_same_direction,persistent_same_direction,persistent_same_direction,persistent_same_direction,persistent_same_direction,no_qualifying_endpoint_response,persistent_same_direction
AT3G26830,persistent_same_direction,recovered,persistent_same_direction,persistent_same_direction,persistent_same_direction,persistent_same_direction,persistent_same_direction,no_qualifying_endpoint_response,persistent_same_direction
AT3G49120,persistent_same_direction,recovered,persistent_same_direction,persistent_same_direction,persistent_same_direction,persistent_same_direction,persistent_same_direction,no_qualifying_endpoint_response,persistent_same_direction
AT2G40750,persistent_same_direction,recovered,persistent_same_direction,persistent_same_direction,no_qualifying_endpoint_response,persistent_same_direction,persistent_same_direction,no_qualifying_endpoint_response,persistent_same_direction
AT3G01420,no_qualifying_endpoint_response,no_qualifying_endpoint_response,persistent_same_direction,persistent_same_direction,persistent_same_direction,persistent_same_direction,no_qualifying_endpoint_response,persistent_same_direction,persistent_same_direction
AT1G73260,no_qualifying_endpoint_response,no_qualifying_endpoint_response,persistent_same_direction,persistent_same_direction,persistent_same_direction,persistent_same_direction,no_qualifying_endpoint_response,recovered,persistent_same_direction
AT2G38470,no_qualifying_endpoint_response,recovered,persistent_same_direction,recovered,persistent_same_direction,persistent_same_direction,persistent_same_direction,recovered,persistent_same_direction
AT1G15520,persistent_same_direction,recovered,no_qualifying_endpoint_response,recovered,persistent_same_direction,no_qualifying_endpoint_response,persistent_same_direction,no_qualifying_endpoint_response,persistent_same_direction
AT1G19020,no_qualifying_endpoint_response,no_qualifying_endpoint_response,persistent_same_direction,recovered,persistent_same_direction,persistent_same_direction,no_qualifying_endpoint_response,no_qualifying_endpoint_response,persistent_same_direction
AT1G80840,no_qualifying_endpoint_response,no_qualifying_endpoint_response,persistent_same_direction,recovered,persistent_same_direction,persistent_same_direction,no_qualifying_endpoint_response,recovered,persistent_same_direction
AT5G45630,no_qualifying_endpoint_response,no_qualifying_endpoint_response,persistent_same_direction,no_qualifying_endpoint_response,persistent_same_direction,persistent_same_direction,no_qualifying_endpoint_response,no_qualifying_endpoint_response,persistent_same_direction
