go_aspect,go_slim_term,foreground_with_term,foreground_total,background_with_term,background_total,foreground_fraction,background_fraction,enrichment_ratio,odds_ratio,p_value,fdr_global,fdr_within_aspect
P,DNA metabolic process,0,168,528,20524,0.0,0.025725979341259014,0.0,0.0,1.0,1.0,1.0
P,abscission,1,168,42,20524,0.005952380952380952,0.0020463847203274215,2.9087301587301586,2.9669928435811306,0.29217197464749334,0.6817346075108178,0.7304299366187333
P,anatomical structure development,25,168,2908,20524,0.1488095238095238,0.1416877801598129,1.0502636405318662,1.0595630522789732,0.42851462039892996,0.8917074153660829,0.9826979679544587
P,biosynthetic process,46,168,6111,20524,0.27380952380952384,0.29774897680763984,0.9195985381552393,0.8884435014122958,0.776756980150809,1.0,1.0
P,carbohydrate metabolic process,8,168,976,20524,0.047619047619047616,0.04755408302475151,1.0013661202185793,1.0014462809917355,0.5494474489693442,1.0,1.0
P,catabolic process,17,168,1560,20524,0.10119047619047619,0.07600857532644709,1.3313034188034187,1.372663556415858,0.13869214490183557,0.3883380057251396,0.4160764347055067
P,cell communication,10,168,436,20524,0.05952380952380952,0.021243422334827518,2.801987767584098,2.9610150353598383,0.0032347460235944165,0.01572849023029255,0.011197197773980674
P,cell cycle,2,168,585,20524,0.011904761904761904,0.028503215747417657,0.41766381766381766,0.4086259273801897,0.9545624357470078,1.0,1.0
P,cell death,10,168,220,20524,0.05952380952380952,0.010719158058857923,5.553030303030303,6.071729957805907,1.4048269531658167e-05,0.00015297004601138892,7.902151611557718e-05
P,cell differentiation,3,168,712,20524,0.017857142857142856,0.034691093354122,0.514747191011236,0.5038338248493397,0.9339967682146385,1.0,1.0
P,cell growth,3,168,500,20524,0.017857142857142856,0.024361722861040734,0.7329999999999999,0.7265044814340589,0.7799700462400565,1.0,1.0
P,cell-cell signaling,0,168,62,20524,0.0,0.0030208536347690507,0.0,0.0,1.0,1.0,1.0
P,cellular component organization,14,168,2479,20524,0.08333333333333333,0.12078542194503995,0.689928734704854,0.6598192882168541,0.9528562521501336,1.0,1.0
P,cellular homeostasis,4,168,302,20524,0.023809523809523808,0.014714480608068603,1.618101545253863,1.6416762154198723,0.23514450751777327,0.5761040434185445,0.6224413434293998
P,circadian rhythm,1,168,158,20524,0.005952380952380952,0.007698304424088871,0.7732067510548523,0.7703955147030779,0.7284613255885519,1.0,1.0
P,embryo development,2,168,595,20524,0.011904761904761904,0.02899045020463847,0.4106442577030812,0.40153192872671123,0.9576376875207899,1.0,1.0
P,flower development,3,168,515,20524,0.017857142857142856,0.025092574546871953,0.7116504854368932,0.7046875,0.796677390040632,1.0,1.0
P,fruit ripening,0,168,1,20524,0.0,4.8723445722081464e-05,0.0,0.0,1.0,1.0,1.0
P,generation of precursor metabolites and energy,4,168,412,20524,0.023809523809523808,0.020074059637497563,1.186084142394822,1.1924916307986608,0.43675465242420386,0.8917074153660829,0.9826979679544587
P,growth,4,168,643,20524,0.023809523809523808,0.03132917559929838,0.7599792638672888,0.752585976563991,0.775692883639236,1.0,1.0
P,lipid metabolic process,5,168,993,20524,0.02976190476190476,0.048382381602026896,0.6151393084927828,0.6013263455949927,0.9137632518376552,1.0,1.0
P,multicellular organism development,27,168,2756,20524,0.16071428571428573,0.13428181641005651,1.1968432510885343,1.2368570827128633,0.1836873512969015,0.47372001123937757,0.5166206755225354
P,nucleobase-containing compound metabolic process,22,168,3992,20524,0.13095238095238096,0.19450399532254922,0.6732631930527722,0.6219454125116456,0.9886433142280109,1.0,1.0
P,other biological processes,13,168,619,20524,0.07738095238095238,0.030159812901968428,2.5656973613354874,2.7334185031406366,0.001792304393778408,0.00975810169946022,0.0067211414766690306
P,other cellular processes,97,168,8699,20524,0.5773809523809523,0.42384525433638665,1.362244702456221,1.8668079156173965,4.1324271480845474e-05,0.0003681616913748051,0.00020662135740422735
P,other metabolic processes,74,168,9225,20524,0.44047619047619047,0.44947378678620153,0.9799819331526648,0.9639337172777304,0.6220247757991176,1.0,1.0
P,photosynthesis,2,168,229,20524,0.011904761904761904,0.011157669070356655,1.066957787481805,1.0683615519346108,0.5613950621696415,1.0,1.0
P,pollination,0,168,316,20524,0.0,0.015396608848177742,0.0,0.0,1.0,1.0,1.0
P,post-embryonic development,9,168,1644,20524,0.05357142857142857,0.08010134476710193,0.6687956204379562,0.6481218625584213,0.9286246813474514,1.0,1.0
P,protein metabolic process,12,168,2380,20524,0.07142857142857142,0.11596180081855388,0.6159663865546219,0.5843295218295218,0.9791887545422602,1.0,1.0
P,"regulation of gene expression, epigenetic",0,168,212,20524,0.0,0.010329370493081271,0.0,0.0,1.0,1.0,1.0
P,regulation of molecular function,1,168,94,20524,0.005952380952380952,0.0045800038978756575,1.299645390070922,1.3046809606593266,0.5390059445579799,1.0,1.0
P,response to abiotic stimulus,59,168,1836,20524,0.35119047619047616,0.08945624634574158,3.925835148874364,5.659270082037038,4.401647504884343e-21,8.627229109573312e-20,3.961482754395909e-20
P,response to biotic stimulus,74,168,1316,20524,0.44047619047619047,0.06412005457025921,6.869554204660587,12.115291054236476,1.5338849002287795e-43,1.503207202224204e-41,6.902482051029507e-42
P,response to chemical,91,168,2878,20524,0.5416666666666666,0.14022607678815047,3.8628098216353943,7.450076654597645,1.2055585611565432e-34,2.953618474833531e-33,1.3562533813011111e-33
P,response to endogenous stimulus,41,168,1530,20524,0.24404761904761904,0.07454687195478464,3.2737472766884532,4.090611994521504,7.802793904119848e-12,1.2744563376729084e-10,5.852095428089886e-11
P,response to external stimulus,74,168,1410,20524,0.44047619047619047,0.06870005846813487,6.411583924349881,11.207478659701874,1.8496040687278796e-41,9.06305993676661e-40,4.161609154637729e-40
P,response to light stimulus,17,168,880,20524,0.10119047619047619,0.04287663223543169,2.3600378787878786,2.5429619454697536,0.0009167888487242731,0.005989687144998584,0.0037504998356902085
P,response to stress,108,168,3678,20524,0.6428571428571429,0.17920483336581564,3.5872756933115824,8.463529411764705,1.559054092935585e-40,5.0929100369229113e-39,2.3385811394033777e-39
P,secondary metabolic process,9,168,254,20524,0.05357142857142857,0.012375755213408692,4.328740157480315,4.646361185983827,0.00025312917087333756,0.0017719041961133629,0.001139081268930019
P,signal transduction,37,168,1822,20524,0.22023809523809523,0.08877411810563243,2.48088181485547,2.938512198772639,1.755631656232925e-07,2.150648778885333e-06,1.1286203504354516e-06
P,translation,0,168,824,20524,0.0,0.04014811927499513,0.0,0.0,1.0,1.0,1.0
P,transport,29,168,2178,20524,0.17261904761904762,0.10611966478269343,1.626645240281604,1.7676048086612144,0.005773541566270524,0.024600307543239622,0.01855781217729811
P,tropism,1,168,129,20524,0.005952380952380952,0.006285324498148509,0.9470284237726099,0.9462949101796407,0.6547939583820099,1.0,1.0
P,unknown biological processes,5,168,4309,20524,0.02976190476190476,0.20994932761644902,0.1417575616925814,0.11440349396766027,0.999999999999029,1.0,1.0
F,DNA binding,16,206,1795,25716,0.07766990291262135,0.06980090216207809,1.112734943343159,1.123327712197864,0.365923772498123,0.7969006601070234,0.7057101326749515
F,DNA-binding transcription factor activity,17,206,1603,25716,0.0825242718446602,0.06233473324000622,1.3238890672222594,1.3568059141829634,0.1452916142872564,0.39551606111530907,0.35662487143235666
F,RNA binding,4,206,1992,25716,0.019417475728155338,0.07746150256649556,0.2506725932857644,0.23429687033089627,0.999940561627638,1.0,1.0
F,carbohydrate binding,3,206,203,25716,0.014563106796116505,0.00789391818323223,1.844851499354345,1.8701970443349754,0.22262970471825064,0.5594284887791939,0.5009168356160639
F,catalytic activity,49,206,5063,25716,0.23786407766990292,0.19688131902317624,1.208159711901881,1.2757959242782628,0.08339277730615563,0.2798325892066854,0.25698911253675194
F,chromatin binding,1,206,213,25716,0.0048543689320388345,0.008282781147923472,0.5860795843019281,0.5820984813621721,0.8209791515864944,1.0,1.0
F,enzyme regulator activity,4,206,513,25716,0.019417475728155338,0.019948670088660757,0.9733719411798102,0.9726312513373144,0.5905753246335909,1.0,1.0
F,hydrolase activity,27,206,2564,25716,0.13106796116504854,0.09970446414683466,1.3145646214198081,1.3658656355216539,0.08566303751225064,0.2798325892066854,0.25698911253675194
F,kinase activity,23,206,1270,25716,0.11165048543689321,0.04938559651578783,2.260790459444997,2.4454274959356006,0.00023055451658389757,0.0017380263557863047,0.0062249719477652345
F,lipid binding,7,206,329,25716,0.03398058252427184,0.012793591538341888,2.65606279694278,2.751584006991479,0.0171726627373262,0.06472772877915259,0.0772769823179679
F,motor activity,0,206,81,25716,0.0,0.0031497900139990666,0.0,0.0,1.0,1.0,1.0
F,nuclease activity,0,206,265,25716,0.0,0.010304868564317934,0.0,0.0,1.0,1.0,1.0
F,nucleic acid binding,9,206,1215,25716,0.043689320388349516,0.047246850209986,0.9247033441208199,0.920675808773392,0.6421175502282358,1.0,1.0
F,nucleotide binding,8,206,1042,25716,0.038834951456310676,0.0405195209208275,0.9584257309505617,0.9564113084422562,0.5987665028820128,1.0,1.0
F,other binding,38,206,3355,25716,0.18446601941747573,0.13046352465391195,1.4139279151534445,1.5133690799201802,0.016792067178150207,0.06472772877915259,0.0772769823179679
F,other molecular functions,3,206,514,25716,0.014563106796116505,0.01998755638512988,0.7286086660874165,0.7229811149778759,0.7827171369730945,1.0,1.0
F,oxygen binding,0,206,7,25716,0.0,0.00027220407528386997,0.0,0.0,1.0,1.0,1.0
F,protein binding,61,206,5734,25716,0.2961165048543689,0.22297402395395863,1.32803139847139,1.471041898405636,0.008585683321386846,0.035058206895662955,0.057953362419361214
F,signaling receptor activity,6,206,180,25716,0.02912621359223301,0.006999533364442371,4.1611650485436895,4.368275862068965,0.0033703907636341173,0.01572849023029255,0.030333516872707057
F,signaling receptor binding,3,206,125,25716,0.014563106796116505,0.004860787058640535,2.9960388349514564,3.075345231365582,0.07935179961381292,0.2777312986483452,0.25698911253675194
F,structural molecule activity,2,206,486,25716,0.009708737864077669,0.0188987400839944,0.5137240800671221,0.5069275644141954,0.9033572922375841,1.0,1.0
F,transcription regulator activity,2,206,159,25716,0.009708737864077669,0.0061829211385907605,1.5702509617145997,1.583177219932559,0.36451070756678217,0.7969006601070234,0.7057101326749515
F,transferase activity,33,206,3341,25716,0.16019417475728157,0.12991911650334423,1.2330300503017817,1.280248967295958,0.11803571981901273,0.35053031946252267,0.3186964435113344
F,"translation factor activity, RNA binding",0,206,103,25716,0.0,0.004005288536319801,0.0,0.0,1.0,1.0,1.0
F,translation regulator activity,0,206,14,25716,0.0,0.0005444081505677399,0.0,0.0,1.0,1.0,1.0
F,transporter activity,21,206,1320,25716,0.10194174757281553,0.05132991133924405,1.9860105913503971,2.1156856625678797,0.00219577165127765,0.011325559043432088,0.029642917292248275
F,unknown molecular functions,50,206,9304,25716,0.24271844660194175,0.36179810234873233,0.6708671079982302,0.5630274919231046,0.9999123391585409,1.0,1.0
C,Golgi apparatus,14,206,1185,25866,0.06796116504854369,0.045813036418464397,1.4834459874646675,1.5248985909479078,0.09216076200494504,0.2913469250478907,0.29952247651607133
C,cell wall,15,206,577,25866,0.07281553398058252,0.022307275960720636,3.264205549292457,3.5072012818840714,6.533080375016455e-05,0.0005335348972930105,0.0005662002991680927
C,chloroplast,43,206,4984,25866,0.2087378640776699,0.1926853784891363,1.0833093082329475,1.1062028873219325,0.30463530489861207,0.6942851134898601,0.6092706097972241
C,cytoplasm,59,206,5398,25866,0.28640776699029125,0.20869094564292895,1.3724015007356194,1.5276358155174412,0.004872251192206635,0.02170366440164774,0.021113088499562085
C,cytoskeleton,0,206,398,25866,0.0,0.015386994510167788,0.0,0.0,1.0,1.0,1.0
C,cytosol,36,206,2704,25866,0.17475728155339806,0.10453877677259724,1.671698167403918,1.8249228327012965,0.0014394740338569824,0.008816778457374018,0.008225487536613384
C,endoplasmic reticulum,15,206,1105,25866,0.07281553398058252,0.04272017320034022,1.7044765628432104,1.770257937460973,0.03156871532178389,0.11458274450128968,0.11725522833805445
C,endosome,5,206,424,25866,0.024271844660194174,0.016392175056058146,1.4806970141051474,1.4985335850580035,0.25007424497689323,0.5977384392130618,0.5418275307832686
C,external encapsulating structure,1,206,25,25866,0.0048543689320388345,0.0009665197556638057,5.02252427184466,5.210569105691057,0.18126377413685107,0.47372001123937757,0.4284416479598298
C,extracellular region,42,206,2758,25866,0.20388349514563106,0.10662645944483105,1.912128529890099,2.163439778727684,2.7797056344455707e-05,0.0002724111521756659,0.00036136173247792417
C,lysosome,0,206,41,25866,0.0,0.0015850923992886414,0.0,0.0,1.0,1.0,1.0
C,mitochondrion,19,206,3918,25866,0.09223300970873786,0.15147297610763164,0.6089073581230765,0.5670712221562364,0.9956474252059211,1.0,1.0
C,nuclear envelope,0,206,119,25866,0.0,0.004600634036959716,0.0,0.0,1.0,1.0,1.0
C,nucleolus,3,206,501,25866,0.014563106796116505,0.019369055903502668,0.7518748909947096,0.7466911982906997,0.7644578930807735,1.0,1.0
C,nucleoplasm,1,206,403,25866,0.0048543689320388345,0.01558029846130055,0.3115709846057481,0.3064919305909477,0.9611402511202012,1.0,1.0
C,nucleus,62,206,10046,25866,0.30097087378640774,0.3883862986159437,0.7749265997769483,0.6760205217236467,0.9964972443612546,1.0,1.0
C,other cellular components,16,206,2140,25866,0.07766990291262135,0.08273409108482177,0.9387895835223663,0.9331350976310834,0.6412155871898328,1.0,1.0
C,other intracellular components,29,206,3401,25866,0.1407766990291262,0.13148534756050415,1.0706645389848215,1.082949648484361,0.3762103640707129,0.8014916451941274,0.6986763904170383
C,other membranes,27,206,2704,25866,0.13106796116504854,0.10453877677259724,1.2537736255529384,1.2949979444178947,0.12949149978882363,0.3732402052736681,0.3366778994509414
C,peroxisome,5,206,322,25866,0.024271844660194174,0.012448774452949818,1.949737683169511,1.9887157273569063,0.11554306869247079,0.35053031946252267,0.3337910873338045
C,plasma membrane,52,206,3054,25866,0.2524271844660194,0.11807005335189051,2.1379441890628876,2.5485520475527137,7.04473693391124e-08,9.862631707475737e-07,1.8316316028169224e-06
C,plastid,10,206,1980,25866,0.04854368932038835,0.07654836464857341,0.6341571050308915,0.6135398321765254,0.9581954990942487,1.0,1.0
C,ribosome,0,206,419,25866,0.0,0.016198871104925384,0.0,0.0,1.0,1.0,1.0
C,thylakoid,1,206,541,25866,0.0048543689320388345,0.020915487512564758,0.2320944672756312,0.22691960252935864,0.987371754869343,1.0,1.0
C,unknown cellular components,18,206,2768,25866,0.08737864077669903,0.10701306734709658,0.8165230933273472,0.7976402321083172,0.8488607578508495,1.0,1.0
C,vacuole,18,206,1031,25866,0.08737864077669903,0.03985927472357535,2.192178392172742,2.3295351914473548,0.0015818245262718047,0.009118753151449227,0.008225487536613384
