go_id,go_term,foreground_with_term,foreground_total,background_with_term,background_total,foreground_fraction,background_fraction,enrichment_ratio,odds_ratio,p_value,fdr_bh
GO:0009751,response to salicylic acid,22,168,132,20524,0.13095238095238096,0.006431494835314753,20.36111111111111,27.734246575342464,8.655043029279217e-23,8.118430361463905e-20
GO:0009617,response to bacterium,22,168,143,20524,0.13095238095238096,0.006967452738257649,18.794871794871796,25.19925280199253,5.428062260797276e-22,2.5457612003139226e-19
GO:0009627,systemic acquired resistance,13,168,55,20524,0.07738095238095238,0.002679789514714481,28.875757575757575,40.56559139784946,4.985238164597636e-16,1.5587177994641944e-13
GO:0042742,defense response to bacterium,24,168,354,20524,0.14285714285714285,0.01724809978561684,8.282485875706215,10.114141414141415,1.70331440230172e-15,3.994272273397534e-13
GO:0071456,cellular response to hypoxia,18,168,238,20524,0.10714285714285714,0.011596180081855388,9.239495798319329,10.983272727272727,1.115599921243376e-12,2.0928654522525733e-10
GO:0009737,response to abscisic acid,23,168,440,20524,0.13690476190476192,0.021438316117715846,6.385984848484848,7.584503431737368,1.6309269299375873e-12,2.5496824338024283e-10
GO:0009414,response to water deprivation,21,168,364,20524,0.125,0.017735334242837655,7.0480769230769225,8.33527696793003,2.5288971222882433e-12,3.388722143866246e-10
GO:0050832,defense response to fungus,15,168,238,20524,0.08928571428571429,0.011596180081855388,7.699579831932774,8.851226589290425,1.1855228947883826e-09,1.3900255941393786e-07
GO:0010150,leaf senescence,11,168,126,20524,0.06547619047619048,0.006139154160982265,10.665343915343916,12.331819440598172,7.17453522065143e-09,7.477460041078934e-07
GO:0009753,response to jasmonic acid,11,168,130,20524,0.06547619047619048,0.006334047943870591,10.337179487179487,11.91494941925815,9.978102175970155e-09,9.359459841060005e-07
GO:0009620,response to fungus,10,168,108,20524,0.05952380952380952,0.005262132137984798,11.311728395061728,13.083182640144665,2.0044292390767435e-08,1.709231478412714e-06
GO:0009611,response to wounding,12,168,225,20524,0.07142857142857142,0.01096277528746833,6.515555555555555,7.274467316720838,3.5306621190599257e-07,2.759800889731842e-05
GO:0002237,response to molecule of bacterial origin,6,168,40,20524,0.03571428571428571,0.0019489378288832587,18.325,22.137254901960784,8.383810469030668e-07,6.049241707654435e-05
GO:2000022,regulation of jasmonic acid mediated signaling pathway,6,168,42,20524,0.03571428571428571,0.0020463847203274215,17.452380952380953,20.905349794238685,1.1303861746028095e-06,7.068681545182902e-05
GO:0006955,immune response,6,168,42,20524,0.03571428571428571,0.0020463847203274215,17.452380952380953,20.905349794238685,1.1303861746028095e-06,7.068681545182902e-05
GO:0009615,response to virus,6,168,43,20524,0.03571428571428571,0.002095108166049503,17.046511627906973,20.33933933933934,1.3048345092846265e-06,7.649592310681122e-05
GO:0009651,response to salt stress,15,168,410,20524,0.08928571428571429,0.0199766127460534,4.469512195121951,4.954331099528419,1.4911676484946278e-06,8.227736789929183e-05
GO:0010120,camalexin biosynthetic process,4,168,13,20524,0.023809523809523808,0.000633404794387059,37.58974358974359,55.140921409214094,2.923846378315326e-06,0.00015236488349220975
GO:0009626,plant-type hypersensitive response,7,168,77,20524,0.041666666666666664,0.003751705320600273,11.106060606060606,12.6,3.2277822154795123e-06,0.00015935051147998854
GO:0010112,regulation of systemic acquired resistance,4,168,15,20524,0.023809523809523808,0.000730851685831222,32.577777777777776,45.110864745011085,5.510892738870148e-06,0.00025846086945300993
GO:1900150,regulation of defense response to fungus,5,168,36,20524,0.02976190476190476,0.0017540440459949329,16.96759259259259,20.11181476350683,1.0628663587579406e-05,0.00047474697357854684
GO:0000302,response to reactive oxygen species,5,168,37,20524,0.02976190476190476,0.0018027674917170142,16.50900900900901,19.482361963190183,1.220842410721482e-05,0.0005205228096621591
GO:0009409,response to cold,12,168,348,20524,0.07142857142857142,0.01695575911128435,4.212643678160919,4.583333333333333,3.0973636808146426e-05,0.0012631857098278846
GO:0002229,defense response to oomycetes,6,168,76,20524,0.03571428571428571,0.0037029818748781913,9.644736842105262,10.733333333333333,3.744458621639912e-05,0.0014634592446242658
GO:0002239,response to oomycetes,4,168,24,20524,0.023809523809523808,0.0011693626973299552,20.361111111111107,24.8,4.050185496081991e-05,0.001519629598129963
GO:0006970,response to osmotic stress,8,168,161,20524,0.047619047619047616,0.007844474761255117,6.0703933747412,6.602287581699346,5.5380277058439215e-05,0.0019979499954159994
GO:0031347,regulation of defense response,5,168,52,20524,0.02976190476190476,0.002533619177548236,11.746794871794872,13.254797023887221,6.592781263429164e-05,0.0022903810463320577
GO:0009624,response to nematode,6,168,86,20524,0.03571428571428571,0.004190216332099006,8.523255813953487,9.387037037037038,7.528140683124508e-05,0.0025219271288467104
GO:0070370,cellular heat acclimation,3,168,11,20524,0.017857142857142856,0.0005359579029428961,33.31818181818182,46.24545454545454,8.470462021381845e-05,0.0026484311253520566
GO:0010230,alternative respiration,3,168,11,20524,0.017857142857142856,0.0005359579029428961,33.31818181818182,46.24545454545454,8.470462021381845e-05,0.0026484311253520566
GO:1900426,positive regulation of defense response to bacterium,4,168,30,20524,0.023809523809523808,0.001461703371662444,16.288888888888888,19.07129455909944,0.00010053293335878434,0.003041931983565797
GO:1902290,positive regulation of defense response to oomycetes,3,168,12,20524,0.017857142857142856,0.0005846813486649776,30.541666666666664,41.10505050505051,0.00011226042599793434,0.0031909175632140125
GO:0080136,priming of cellular response to stress,3,168,12,20524,0.017857142857142856,0.0005846813486649776,30.541666666666664,41.10505050505051,0.00011226042599793434,0.0031909175632140125
GO:0034605,cellular response to heat,5,168,74,20524,0.02976190476190476,0.0036055349834340283,8.254504504504505,9.018849470970036,0.0003535469767998053,0.009753737183476982
GO:0007165,signal transduction,14,168,600,20524,0.08333333333333333,0.02923406743324888,2.8505555555555553,3.0670183059261555,0.00043294777976607044,0.011603000497730689
GO:2000070,regulation of response to water deprivation,3,168,19,20524,0.017857142857142856,0.0009257454687195478,19.289473684210524,23.113636363636363,0.00047404673191552867,0.012351550959354607
GO:0009625,response to insect,4,168,45,20524,0.023809523809523808,0.0021925550574936658,10.85925925925926,12.085068411659726,0.0004968088145881353,0.012594774813072186
GO:0009682,induced systemic resistance,3,168,20,20524,0.017857142857142856,0.0009744689144416293,18.325,21.75294117647059,0.0005543587881560762,0.013333039571548706
GO:0009407,toxin catabolic process,4,168,46,20524,0.023809523809523808,0.0022412785032157475,10.6231884057971,11.796747967479675,0.0005406786208791503,0.013333039571548706
GO:0006749,glutathione metabolic process,4,168,47,20524,0.023809523809523808,0.0022900019489378288,10.397163120567376,11.5218377765173,0.0005872332640581059,0.013770620042162585
GO:2000031,regulation of salicylic acid mediated signaling pathway,3,168,24,20524,0.017857142857142856,0.0011693626973299552,15.270833333333332,17.606060606060606,0.0009608626796848601,0.021982663257180457
GO:0009408,response to heat,7,168,203,20524,0.041666666666666664,0.009890859481582538,4.212643678160919,4.472049689440993,0.0014432351098483589,0.03223225078661335
GO:0010193,response to ozone,3,168,32,20524,0.017857142857142856,0.0015591502631066068,11.453125,12.744200626959248,0.002244449644490662,0.04678430592293869
GO:0009416,response to light stimulus,7,168,219,20524,0.041666666666666664,0.01067043461313584,3.9048706240487063,4.131255127153405,0.0022195484902358944,0.04678430592293869
GO:0006979,response to oxidative stress,8,168,279,20524,0.047619047619047616,0.01359384135646073,3.502986857825567,3.705719557195572,0.0021585479379939146,0.04678430592293869
