go_aspect,go_slim_term,foreground_with_term,foreground_total,background_with_term,background_total,foreground_fraction,background_fraction,enrichment_ratio,odds_ratio,p_value,fdr_global,fdr_within_aspect,aspect_name,foreground_percent,background_percent
P,response to biotic stimulus,74,168,1316,20524,0.44047619047619047,0.06412005457025921,6.869554204660587,12.115291054236476,1.5338849002287795e-43,1.503207202224204e-41,6.902482051029507e-42,Biological Process,44.047619047619044,6.412005457025921
P,response to external stimulus,74,168,1410,20524,0.44047619047619047,0.06870005846813487,6.411583924349881,11.207478659701874,1.8496040687278796e-41,9.06305993676661e-40,4.161609154637729e-40,Biological Process,44.047619047619044,6.870005846813488
P,response to stress,108,168,3678,20524,0.6428571428571429,0.17920483336581564,3.5872756933115824,8.463529411764705,1.559054092935585e-40,5.0929100369229113e-39,2.3385811394033777e-39,Biological Process,64.28571428571429,17.920483336581565
P,response to chemical,91,168,2878,20524,0.5416666666666666,0.14022607678815047,3.8628098216353943,7.450076654597645,1.2055585611565432e-34,2.953618474833531e-33,1.3562533813011111e-33,Biological Process,54.166666666666664,14.022607678815046
P,response to abiotic stimulus,59,168,1836,20524,0.35119047619047616,0.08945624634574158,3.925835148874364,5.659270082037038,4.401647504884343e-21,8.627229109573312e-20,3.961482754395909e-20,Biological Process,35.11904761904761,8.945624634574157
P,response to endogenous stimulus,41,168,1530,20524,0.24404761904761904,0.07454687195478464,3.2737472766884532,4.090611994521504,7.802793904119848e-12,1.2744563376729084e-10,5.852095428089886e-11,Biological Process,24.404761904761905,7.454687195478464
C,plasma membrane,52,206,3054,25866,0.2524271844660194,0.11807005335189051,2.1379441890628876,2.5485520475527137,7.04473693391124e-08,9.862631707475737e-07,1.8316316028169224e-06,Cellular Component,25.24271844660194,11.807005335189052
P,signal transduction,37,168,1822,20524,0.22023809523809523,0.08877411810563243,2.48088181485547,2.938512198772639,1.755631656232925e-07,2.150648778885333e-06,1.1286203504354516e-06,Biological Process,22.023809523809522,8.877411810563244
P,cell death,10,168,220,20524,0.05952380952380952,0.010719158058857923,5.553030303030303,6.071729957805907,1.4048269531658167e-05,0.00015297004601138892,7.902151611557718e-05,Biological Process,5.952380952380952,1.0719158058857923
C,extracellular region,42,206,2758,25866,0.20388349514563106,0.10662645944483105,1.912128529890099,2.163439778727684,2.7797056344455707e-05,0.0002724111521756659,0.00036136173247792417,Cellular Component,20.388349514563107,10.662645944483105
P,other cellular processes,97,168,8699,20524,0.5773809523809523,0.42384525433638665,1.362244702456221,1.8668079156173965,4.1324271480845474e-05,0.0003681616913748051,0.00020662135740422735,Biological Process,57.738095238095234,42.384525433638665
C,cell wall,15,206,577,25866,0.07281553398058252,0.022307275960720636,3.264205549292457,3.5072012818840714,6.533080375016455e-05,0.0005335348972930105,0.0005662002991680927,Cellular Component,7.281553398058252,2.2307275960720636
F,kinase activity,23,206,1270,25716,0.11165048543689321,0.04938559651578783,2.260790459444997,2.4454274959356006,0.00023055451658389757,0.0017380263557863047,0.0062249719477652345,Molecular Function,11.165048543689322,4.9385596515787835
P,secondary metabolic process,9,168,254,20524,0.05357142857142857,0.012375755213408692,4.328740157480315,4.646361185983827,0.00025312917087333756,0.0017719041961133629,0.001139081268930019,Biological Process,5.357142857142857,1.2375755213408692
P,response to light stimulus,17,168,880,20524,0.10119047619047619,0.04287663223543169,2.3600378787878786,2.5429619454697536,0.0009167888487242731,0.005989687144998584,0.0037504998356902085,Biological Process,10.119047619047619,4.287663223543169
C,cytosol,36,206,2704,25866,0.17475728155339806,0.10453877677259724,1.671698167403918,1.8249228327012965,0.0014394740338569824,0.008816778457374018,0.008225487536613384,Cellular Component,17.475728155339805,10.453877677259724
C,vacuole,18,206,1031,25866,0.08737864077669903,0.03985927472357535,2.192178392172742,2.3295351914473548,0.0015818245262718047,0.009118753151449227,0.008225487536613384,Cellular Component,8.737864077669903,3.985927472357535
P,other biological processes,13,168,619,20524,0.07738095238095238,0.030159812901968428,2.5656973613354874,2.7334185031406366,0.001792304393778408,0.00975810169946022,0.0067211414766690306,Biological Process,7.738095238095238,3.015981290196843
F,transporter activity,21,206,1320,25716,0.10194174757281553,0.05132991133924405,1.9860105913503971,2.1156856625678797,0.00219577165127765,0.011325559043432088,0.029642917292248275,Molecular Function,10.194174757281553,5.1329911339244045
F,signaling receptor activity,6,206,180,25716,0.02912621359223301,0.006999533364442371,4.1611650485436895,4.368275862068965,0.0033703907636341173,0.01572849023029255,0.030333516872707057,Molecular Function,2.912621359223301,0.6999533364442371
P,cell communication,10,168,436,20524,0.05952380952380952,0.021243422334827518,2.801987767584098,2.9610150353598383,0.0032347460235944165,0.01572849023029255,0.011197197773980674,Biological Process,5.952380952380952,2.1243422334827518
C,cytoplasm,59,206,5398,25866,0.28640776699029125,0.20869094564292895,1.3724015007356194,1.5276358155174412,0.004872251192206635,0.02170366440164774,0.021113088499562085,Cellular Component,28.640776699029125,20.869094564292894
P,transport,29,168,2178,20524,0.17261904761904762,0.10611966478269343,1.626645240281604,1.7676048086612144,0.005773541566270524,0.024600307543239622,0.01855781217729811,Biological Process,17.261904761904763,10.611966478269343
F,protein binding,61,206,5734,25716,0.2961165048543689,0.22297402395395863,1.32803139847139,1.471041898405636,0.008585683321386846,0.035058206895662955,0.057953362419361214,Molecular Function,29.61165048543689,22.297402395395864
