gene_id,n_communities
AT1G01480,1
AT1G01560,1
AT1G02930,1
AT1G07000,2
AT1G08450,1
AT1G14370,1
AT1G15520,3
AT1G19020,3
AT1G19180,1
AT1G19250,2
AT1G21250,3
AT1G24140,1
AT1G27730,2
AT1G32940,1
AT1G43160,2
AT1G45145,2
AT1G52890,1
AT1G57630,1
AT1G58340,1
AT1G65690,1
AT1G66880,1
AT1G67970,1
AT1G72900,1
AT1G73260,3
AT1G73805,2
AT1G76930,2
AT1G80840,3
AT2G13810,2
AT2G14560,2
AT2G14610,1
AT2G24850,1
AT2G26440,1
AT2G26560,1
AT2G28190,1
AT2G29350,1
AT2G29460,1
AT2G30250,1
AT2G33080,1
AT2G37770,1
AT2G38470,3
AT2G39210,1
AT2G40750,3
AT2G43570,1
AT2G45220,1
AT2G46270,1
AT2G46400,2
AT2G47130,1
AT3G01420,3
AT3G12580,1
AT3G13380,1
AT3G14050,2
AT3G22231,2
AT3G22600,2
AT3G24500,2
AT3G25010,1
AT3G26830,3
AT3G28210,1
AT3G44300,1
AT3G48850,1
AT3G49120,3
AT3G50480,2
AT3G50930,2
AT3G51440,2
AT3G55970,2
AT3G56400,4
AT3G56710,1
AT3G57260,1
AT3G60140,1
AT4G02380,4
AT4G04490,1
AT4G10500,2
AT4G11890,2
AT4G12470,1
AT4G12480,2
AT4G14400,2
AT4G23140,1
AT4G26270,1
AT4G37990,2
AT4G39030,1
AT5G02490,1
AT5G03350,1
AT5G05600,2
AT5G06320,2
AT5G06760,1
AT5G08790,2
AT5G13320,2
AT5G13330,2
AT5G24530,2
AT5G24780,1
AT5G25250,1
AT5G26340,1
AT5G26920,2
AT5G27600,1
AT5G35735,1
AT5G39520,2
AT5G42380,2
AT5G45630,3
AT5G48380,1
AT5G48570,1
AT5G52300,2
AT5G52640,2
AT5G54610,1
