go_id_a,go_term_a,go_id_b,go_term_b,genes_a,genes_b,intersection,jaccard,overlap_coefficient
GO:0006749,glutathione metabolic process,GO:0009407,toxin catabolic process,4,4,4,1.0,1.0
GO:1900150,regulation of defense response to fungus,GO:1902290,positive regulation of defense response to oomycetes,5,3,3,0.6,1.0
GO:2000022,regulation of jasmonic acid mediated signaling pathway,GO:2000070,regulation of response to water deprivation,6,3,3,0.5,1.0
GO:0009682,induced systemic resistance,GO:0050832,defense response to fungus,3,15,3,0.2,1.0
GO:0009617,response to bacterium,GO:1902290,positive regulation of defense response to oomycetes,22,3,3,0.13636363636363635,1.0
GO:0009751,response to salicylic acid,GO:2000031,regulation of salicylic acid mediated signaling pathway,22,3,3,0.13636363636363635,1.0
GO:0009751,response to salicylic acid,GO:2000070,regulation of response to water deprivation,22,3,3,0.13636363636363635,1.0
GO:0042742,defense response to bacterium,GO:2000031,regulation of salicylic acid mediated signaling pathway,24,3,3,0.125,1.0
GO:0042742,defense response to bacterium,GO:2000070,regulation of response to water deprivation,24,3,3,0.125,1.0
GO:0006955,immune response,GO:0007165,signal transduction,6,14,5,0.3333333333333333,0.8333333333333334
GO:0002229,defense response to oomycetes,GO:0009617,response to bacterium,6,22,5,0.21739130434782608,0.8333333333333334
GO:0031347,regulation of defense response,GO:0042742,defense response to bacterium,5,24,4,0.16,0.8
GO:0009409,response to cold,GO:0009414,response to water deprivation,12,21,9,0.375,0.75
GO:0010120,camalexin biosynthetic process,GO:0050832,defense response to fungus,4,15,3,0.1875,0.75
GO:0009617,response to bacterium,GO:0010112,regulation of systemic acquired resistance,22,4,3,0.13043478260869565,0.75
GO:0009617,response to bacterium,GO:1900426,positive regulation of defense response to bacterium,22,4,3,0.13043478260869565,0.75
GO:0010112,regulation of systemic acquired resistance,GO:0042742,defense response to bacterium,4,24,3,0.12,0.75
GO:0009751,response to salicylic acid,GO:0009753,response to jasmonic acid,22,11,8,0.32,0.7272727272727273
GO:0009617,response to bacterium,GO:0009620,response to fungus,22,10,7,0.28,0.7
GO:2000031,regulation of salicylic acid mediated signaling pathway,GO:2000070,regulation of response to water deprivation,3,3,2,0.5,0.6666666666666666
GO:0009409,response to cold,GO:0009651,response to salt stress,12,15,8,0.42105263157894735,0.6666666666666666
GO:1900426,positive regulation of defense response to bacterium,GO:1902290,positive regulation of defense response to oomycetes,4,3,2,0.4,0.6666666666666666
GO:0000302,response to reactive oxygen species,GO:2000031,regulation of salicylic acid mediated signaling pathway,5,3,2,0.3333333333333333,0.6666666666666666
GO:0000302,response to reactive oxygen species,GO:2000070,regulation of response to water deprivation,5,3,2,0.3333333333333333,0.6666666666666666
GO:0031347,regulation of defense response,GO:2000031,regulation of salicylic acid mediated signaling pathway,5,3,2,0.3333333333333333,0.6666666666666666
GO:0031347,regulation of defense response,GO:2000070,regulation of response to water deprivation,5,3,2,0.3333333333333333,0.6666666666666666
GO:0034605,cellular response to heat,GO:0070370,cellular heat acclimation,5,3,2,0.3333333333333333,0.6666666666666666
GO:2000022,regulation of jasmonic acid mediated signaling pathway,GO:2000031,regulation of salicylic acid mediated signaling pathway,6,3,2,0.2857142857142857,0.6666666666666666
GO:0006970,response to osmotic stress,GO:0070370,cellular heat acclimation,8,3,2,0.2222222222222222,0.6666666666666666
GO:0006970,response to osmotic stress,GO:2000031,regulation of salicylic acid mediated signaling pathway,8,3,2,0.2222222222222222,0.6666666666666666
GO:0006970,response to osmotic stress,GO:2000070,regulation of response to water deprivation,8,3,2,0.2222222222222222,0.6666666666666666
GO:0009620,response to fungus,GO:1902290,positive regulation of defense response to oomycetes,10,3,2,0.18181818181818182,0.6666666666666666
GO:0002229,defense response to oomycetes,GO:0009751,response to salicylic acid,6,22,4,0.16666666666666666,0.6666666666666666
GO:0002229,defense response to oomycetes,GO:0042742,defense response to bacterium,6,24,4,0.15384615384615385,0.6666666666666666
GO:0042742,defense response to bacterium,GO:2000022,regulation of jasmonic acid mediated signaling pathway,24,6,4,0.15384615384615385,0.6666666666666666
GO:0009409,response to cold,GO:0070370,cellular heat acclimation,12,3,2,0.15384615384615385,0.6666666666666666
GO:0009651,response to salt stress,GO:0070370,cellular heat acclimation,15,3,2,0.125,0.6666666666666666
GO:0050832,defense response to fungus,GO:2000031,regulation of salicylic acid mediated signaling pathway,15,3,2,0.125,0.6666666666666666
GO:0050832,defense response to fungus,GO:2000070,regulation of response to water deprivation,15,3,2,0.125,0.6666666666666666
GO:0071456,cellular response to hypoxia,GO:2000070,regulation of response to water deprivation,18,3,2,0.10526315789473684,0.6666666666666666
GO:0009414,response to water deprivation,GO:0010193,response to ozone,21,3,2,0.09090909090909091,0.6666666666666666
GO:0009617,response to bacterium,GO:2000031,regulation of salicylic acid mediated signaling pathway,22,3,2,0.08695652173913043,0.6666666666666666
GO:0009617,response to bacterium,GO:2000070,regulation of response to water deprivation,22,3,2,0.08695652173913043,0.6666666666666666
GO:0031347,regulation of defense response,GO:2000022,regulation of jasmonic acid mediated signaling pathway,5,6,3,0.375,0.6
GO:0006970,response to osmotic stress,GO:0034605,cellular response to heat,8,5,3,0.3,0.6
GO:0009409,response to cold,GO:0034605,cellular response to heat,12,5,3,0.21428571428571427,0.6
GO:0009651,response to salt stress,GO:0034605,cellular response to heat,15,5,3,0.17647058823529413,0.6
GO:0031347,regulation of defense response,GO:0050832,defense response to fungus,5,15,3,0.17647058823529413,0.6
GO:0009617,response to bacterium,GO:1900150,regulation of defense response to fungus,22,5,3,0.125,0.6
GO:0009751,response to salicylic acid,GO:0031347,regulation of defense response,22,5,3,0.125,0.6
GO:0000302,response to reactive oxygen species,GO:0042742,defense response to bacterium,5,24,3,0.11538461538461539,0.6
GO:0009611,response to wounding,GO:0009751,response to salicylic acid,12,22,7,0.25925925925925924,0.5833333333333334
GO:0009409,response to cold,GO:0009737,response to abscisic acid,12,23,7,0.25,0.5833333333333334
GO:0009626,plant-type hypersensitive response,GO:0042742,defense response to bacterium,7,24,4,0.14814814814814814,0.5714285714285714
GO:0009611,response to wounding,GO:0009753,response to jasmonic acid,12,11,6,0.35294117647058826,0.5454545454545454
GO:0009414,response to water deprivation,GO:0009651,response to salt stress,21,15,8,0.2857142857142857,0.5333333333333333
GO:0009625,response to insect,GO:0010120,camalexin biosynthetic process,4,4,2,0.3333333333333333,0.5
GO:0000302,response to reactive oxygen species,GO:0009625,response to insect,5,4,2,0.2857142857142857,0.5
GO:1900150,regulation of defense response to fungus,GO:1900426,positive regulation of defense response to bacterium,5,4,2,0.2857142857142857,0.5
GO:0006970,response to osmotic stress,GO:0009409,response to cold,8,12,4,0.25,0.5
GO:0002229,defense response to oomycetes,GO:0002239,response to oomycetes,6,4,2,0.25,0.5
GO:0002229,defense response to oomycetes,GO:0010112,regulation of systemic acquired resistance,6,4,2,0.25,0.5
GO:0002229,defense response to oomycetes,GO:0009620,response to fungus,6,10,3,0.23076923076923078,0.5
GO:0002229,defense response to oomycetes,GO:0010150,leaf senescence,6,11,3,0.21428571428571427,0.5
GO:0006970,response to osmotic stress,GO:0010120,camalexin biosynthetic process,8,4,2,0.2,0.5
GO:0009620,response to fungus,GO:0009751,response to salicylic acid,10,22,5,0.18518518518518517,0.5
GO:0002239,response to oomycetes,GO:0009620,response to fungus,4,10,2,0.16666666666666666,0.5
GO:0006979,response to oxidative stress,GO:0009414,response to water deprivation,8,21,4,0.16,0.5
GO:0002239,response to oomycetes,GO:0010150,leaf senescence,4,11,2,0.15384615384615385,0.5
GO:0009625,response to insect,GO:0010150,leaf senescence,4,11,2,0.15384615384615385,0.5
GO:0002229,defense response to oomycetes,GO:0071456,cellular response to hypoxia,6,18,3,0.14285714285714285,0.5
GO:0002237,response to molecule of bacterial origin,GO:0009617,response to bacterium,6,22,3,0.12,0.5
GO:0009615,response to virus,GO:0009617,response to bacterium,6,22,3,0.12,0.5
GO:0009615,response to virus,GO:0009751,response to salicylic acid,6,22,3,0.12,0.5
GO:0009751,response to salicylic acid,GO:2000022,regulation of jasmonic acid mediated signaling pathway,22,6,3,0.12,0.5
GO:0009625,response to insect,GO:0050832,defense response to fungus,4,15,2,0.11764705882352941,0.5
GO:0002237,response to molecule of bacterial origin,GO:0042742,defense response to bacterium,6,24,3,0.1111111111111111,0.5
GO:0009414,response to water deprivation,GO:0009625,response to insect,21,4,2,0.08695652173913043,0.5
GO:0009414,response to water deprivation,GO:0010120,camalexin biosynthetic process,21,4,2,0.08695652173913043,0.5
GO:0002239,response to oomycetes,GO:0009617,response to bacterium,4,22,2,0.08333333333333333,0.5
GO:0002239,response to oomycetes,GO:0009751,response to salicylic acid,4,22,2,0.08333333333333333,0.5
GO:0009617,response to bacterium,GO:0009625,response to insect,22,4,2,0.08333333333333333,0.5
GO:0009617,response to bacterium,GO:0010120,camalexin biosynthetic process,22,4,2,0.08333333333333333,0.5
GO:0009625,response to insect,GO:0009751,response to salicylic acid,4,22,2,0.08333333333333333,0.5
GO:0009625,response to insect,GO:0009737,response to abscisic acid,4,23,2,0.08,0.5
GO:0009625,response to insect,GO:0042742,defense response to bacterium,4,24,2,0.07692307692307693,0.5
GO:0010120,camalexin biosynthetic process,GO:0042742,defense response to bacterium,4,24,2,0.07692307692307693,0.5
GO:0042742,defense response to bacterium,GO:1900426,positive regulation of defense response to bacterium,24,4,2,0.07692307692307693,0.5
