community_id,community_size,go_id,go_term,n_strong_links,foreground_with_term,enrichment_ratio,fdr_bh
1,11,GO:0009617,response to bacterium,13,22,18.794871794871796,2.5457612003139226e-19
1,11,GO:0002229,defense response to oomycetes,8,6,9.644736842105262,0.0014634592446242658
1,11,GO:0009620,response to fungus,5,10,11.311728395061728,1.709231478412714e-06
1,11,GO:0002239,response to oomycetes,5,4,20.361111111111107,0.001519629598129963
1,11,GO:1900426,positive regulation of defense response to bacterium,4,4,16.288888888888888,0.003041931983565797
1,11,GO:1902290,positive regulation of defense response to oomycetes,4,3,30.541666666666664,0.0031909175632140125
1,11,GO:0010150,leaf senescence,3,11,10.665343915343916,7.477460041078934e-07
1,11,GO:0010112,regulation of systemic acquired resistance,3,4,32.577777777777776,0.00025846086945300993
1,11,GO:1900150,regulation of defense response to fungus,3,5,16.96759259259259,0.00047474697357854684
1,11,GO:0002237,response to molecule of bacterial origin,2,6,18.325,6.049241707654435e-05
1,11,GO:0009615,response to virus,2,6,17.046511627906973,7.649592310681122e-05
2,11,GO:0042742,defense response to bacterium,12,24,8.282485875706215,3.994272273397534e-13
2,11,GO:0009751,response to salicylic acid,11,22,20.36111111111111,8.118430361463905e-20
2,11,GO:2000070,regulation of response to water deprivation,10,3,19.289473684210524,0.012351550959354607
2,11,GO:2000031,regulation of salicylic acid mediated signaling pathway,9,3,15.270833333333332,0.021982663257180457
2,11,GO:0031347,regulation of defense response,6,5,11.746794871794872,0.0022903810463320577
2,11,GO:2000022,regulation of jasmonic acid mediated signaling pathway,5,6,17.452380952380953,7.068681545182902e-05
2,11,GO:0000302,response to reactive oxygen species,4,5,16.50900900900901,0.0005205228096621591
2,11,GO:0071456,cellular response to hypoxia,2,18,9.239495798319329,2.0928654522525733e-10
2,11,GO:0009753,response to jasmonic acid,2,11,10.337179487179487,9.359459841060005e-07
2,11,GO:0009611,response to wounding,2,12,6.515555555555555,2.759800889731842e-05
2,11,GO:0009626,plant-type hypersensitive response,1,7,11.106060606060606,0.00015935051147998854
3,9,GO:0009414,response to water deprivation,6,21,7.0480769230769225,3.388722143866246e-10
3,9,GO:0009409,response to cold,6,12,4.212643678160919,0.0012631857098278846
3,9,GO:0006970,response to osmotic stress,6,8,6.0703933747412,0.0019979499954159994
3,9,GO:0009651,response to salt stress,4,15,4.469512195121951,8.227736789929183e-05
3,9,GO:0070370,cellular heat acclimation,4,3,33.31818181818182,0.0026484311253520566
3,9,GO:0034605,cellular response to heat,4,5,8.254504504504505,0.009753737183476982
3,9,GO:0009737,response to abscisic acid,2,23,6.385984848484848,2.5496824338024283e-10
3,9,GO:0010193,response to ozone,1,3,11.453125,0.04678430592293869
3,9,GO:0006979,response to oxidative stress,1,8,3.502986857825567,0.04678430592293869
4,4,GO:0009625,response to insect,9,4,10.85925925925926,0.012594774813072186
4,4,GO:0050832,defense response to fungus,6,15,7.699579831932774,1.3900255941393786e-07
4,4,GO:0010120,camalexin biosynthetic process,6,4,37.58974358974359,0.00015236488349220975
4,4,GO:0009682,induced systemic resistance,1,3,18.325,0.013333039571548706
